<?xml version="1.0" encoding="UTF-8"?>

<mule xmlns:mulexml="http://www.mulesoft.org/schema/mule/xml" xmlns:http="http://www.mulesoft.org/schema/mule/http" xmlns="http://www.mulesoft.org/schema/mule/core" xmlns:doc="http://www.mulesoft.org/schema/mule/documentation"
	xmlns:spring="http://www.springframework.org/schema/beans" 
	xmlns:xsi="http://www.w3.org/2001/XMLSchema-instance"
	xsi:schemaLocation="http://www.springframework.org/schema/beans http://www.springframework.org/schema/beans/spring-beans-current.xsd
http://www.mulesoft.org/schema/mule/core http://www.mulesoft.org/schema/mule/core/current/mule.xsd
http://www.mulesoft.org/schema/mule/http http://www.mulesoft.org/schema/mule/http/current/mule-http.xsd
http://www.mulesoft.org/schema/mule/xml http://www.mulesoft.org/schema/mule/xml/current/mule-xml.xsd">
    <http:listener-config name="HTTP_Listener_Configuration1" host="0.0.0.0" port="7082" doc:name="HTTP Listener Configuration"/>
    <flow name="customtransformFlow">
        <http:listener config-ref="HTTP_Listener_Configuration1" path="/transform" doc:name="http://localhost:7082/transform"/>
        <set-payload value="#[&quot;Hello world!&quot;]" doc:name="Set Payload"/>
        <scatter-gather doc:name="Scatter-Gather">
            <parse-template location="employmenthistory.json" doc:name="Employment History Template"/>
            <parse-template location="employees.json" doc:name="Employees Template"/>
        </scatter-gather>
        <custom-transformer returnClass="java.lang.Object" class="com.io.json.CustomObjTransformer" doc:name="Custom Object Transformer"/>
        <mulexml:object-to-xml-transformer doc:name="Object to XML"/>
    </flow>
</mule>
