<?xml version="1.0" encoding="UTF-8"?>
<mule xmlns:doc="http://www.mulesoft.org/schema/mule/documentation" xmlns:mulexml="http://www.mulesoft.org/schema/mule/xml" xmlns="http://www.mulesoft.org/schema/mule/core" xmlns:apikit="http://www.mulesoft.org/schema/mule/apikit" xmlns:http="http://www.mulesoft.org/schema/mule/http" xmlns:spring="http://www.springframework.org/schema/beans" xmlns:xsi="http://www.w3.org/2001/XMLSchema-instance" xsi:schemaLocation="http://www.mulesoft.org/schema/mule/core http://www.mulesoft.org/schema/mule/core/current/mule.xsd
http://www.mulesoft.org/schema/mule/http http://www.mulesoft.org/schema/mule/http/current/mule-http.xsd
http://www.mulesoft.org/schema/mule/apikit http://www.mulesoft.org/schema/mule/apikit/current/mule-apikit.xsd
http://www.springframework.org/schema/beans http://www.springframework.org/schema/beans/spring-beans-3.1.xsd
http://www.mulesoft.org/schema/mule/xml http://www.mulesoft.org/schema/mule/xml/current/mule-xml.xsd">
    <http:listener-config name="EmpDetails-httpListenerConfig" host="0.0.0.0" port="7081" doc:name="HTTP Listener Configuration"/>
    <apikit:config name="EmpDetails-config" raml="EmpDetails.raml" consoleEnabled="false" doc:name="Router"/>
    <http:listener-config name="HTTP_Listener_Configuration2" host="0.0.0.0" port="7083" doc:name="HTTP Listener Configuration"/>
    <flow name="EmpDetails-main">
        <http:listener config-ref="EmpDetails-httpListenerConfig" path="/api/*" doc:name="HTTP" allowedMethods="GET"/>
        <apikit:router config-ref="EmpDetails-config" doc:name="APIkit Router"/>
        <exception-strategy ref="EmpDetails-apiKitGlobalExceptionMapping" doc:name="Reference Exception Strategy"/>
    </flow>
    <flow name="EmpDetails-console">
        <http:listener config-ref="EmpDetails-httpListenerConfig" path="/console/*" doc:name="HTTP"/>
        <apikit:console config-ref="EmpDetails-config" doc:name="APIkit Console"/>
    </flow>
    <flow name="get:/getEmpDetails:EmpDetails-config">
        <http:listener config-ref="HTTP_Listener_Configuration2" path="/retrieveEmpDetails" allowedMethods="GET" doc:name="HTTP 7083"/>
        <logger level="INFO" doc:name="Logger" message="#[payload]"/>
        <scatter-gather doc:name="Scatter-Gather">
            <processor-chain>
                <parse-template location="Employmenthistory.json" doc:name="Employment History Template"/>
                <logger level="INFO" doc:name="Logger" message="#[payload]#[flowVars.employeeIdParam]"/>
            </processor-chain>
            <processor-chain>
                <parse-template location="employees.json" doc:name="Employees Template"/>
                <logger level="INFO" doc:name="Logger" message="#[payload]"/>
            </processor-chain>
        </scatter-gather>
        <custom-transformer returnClass="java.lang.Object" class="com.io.json.CustomObjTransformer" doc:name="Java"/>

    </flow>
    <apikit:mapping-exception-strategy name="EmpDetails-apiKitGlobalExceptionMapping">
        <apikit:mapping statusCode="404">
            <apikit:exception value="org.mule.module.apikit.exception.NotFoundException" />
            <set-property propertyName="Content-Type" value="application/json" doc:name="Property"/>
            <set-payload value="{ &quot;message&quot;: &quot;Resource not found&quot; }" doc:name="Set Payload"/>
        </apikit:mapping>
        <apikit:mapping statusCode="405">
            <apikit:exception value="org.mule.module.apikit.exception.MethodNotAllowedException" />
            <set-property propertyName="Content-Type" value="application/json" doc:name="Property"/>
            <set-payload value="{ &quot;message&quot;: &quot;Method not allowed&quot; }" doc:name="Set Payload"/>
        </apikit:mapping>
        <apikit:mapping statusCode="415">
            <apikit:exception value="org.mule.module.apikit.exception.UnsupportedMediaTypeException" />
            <set-property propertyName="Content-Type" value="application/json" doc:name="Property"/>
            <set-payload value="{ &quot;message&quot;: &quot;Unsupported media type&quot; }" doc:name="Set Payload"/>
        </apikit:mapping>
        <apikit:mapping statusCode="406">
            <apikit:exception value="org.mule.module.apikit.exception.NotAcceptableException" />
            <set-property propertyName="Content-Type" value="application/json" doc:name="Property"/>
            <set-payload value="{ &quot;message&quot;: &quot;Not acceptable&quot; }" doc:name="Set Payload"/>
        </apikit:mapping>
        <apikit:mapping statusCode="400">
            <apikit:exception value="org.mule.module.apikit.exception.BadRequestException" />
            <set-property propertyName="Content-Type" value="application/json" doc:name="Property"/>
            <set-payload value="{ &quot;message&quot;: &quot;Bad request&quot; }" doc:name="Set Payload"/>
        </apikit:mapping>
    </apikit:mapping-exception-strategy>
</mule>
