{"employees":[
	{"addresses":[
		{"postalCode":"91125","state":"CA","type":"RESIDENCE","address3":"",
		"address2":"MC 161-84","address1":"1200 E. CALIFORNIA BOULEVARD",
		"city":"PASADENA","countryCode":"US"}
		],
		"firstName":"HC","suffix":"","employeeKey":"997118059","maritalStatus":"S",
		"phones":[
		{"phoneNumber":"3712338705","extension":"101","type":"HomeNumber"},	
		{"phoneNumber":"3712338705","extension":"101","type":"WorkNumber"}	
		],
		"communicationMethod":"NONE","locationId":"CAMP","ssn":"997118059", 
		"residencyCode":"U","employeeId":"997188007","lastName":"SCC007.10", "employerId":"123456","dateOfBirth":"1970-02-02","tiaaEmployeeId":"",
		"middleName":"F Source","clientId":"123456","genderId":"M","title":"HM"
	}, 

{"addresses":[{"postalCode":"91125","state":"CA","type":"RESIDENCE","address3":"","address2":"MC 161-84","address1":"1200 E. CALIFORNIA BOULEVARD","city":"PASADENA","countryCode":"US"}],"firstName":"HC","suffix":"","employeeKey":"997188061","maritalStatus":"S","phones":[{"phoneNumber":"3712338705","extension":"101","type":"Home Number"}],"communicationMethod":"NONE","locationId":"CAMP","ssn":"997188061","residencyCode":"U","employeeId":"997188061","lastName":"SCC007.10","employerId":"123456","dateOfBirth":"1970-02-02","tiaaEmployeeId":"","middleName":"F Source","clientId":"123456","genderId":"M","title":"HM"}, {"addresses":[{"postalCode":"91125","state":"CA","type":"RESIDENCE","address3":"","address2":"MC 161-84","address1":"1200 E. CALIFORNIA BOULEVARD","city":"PASADENA","countryCode":"US"}],"firstName":"HC","suffix":"","employeeKey":"997118058","maritalStatus":"S","phones":[{"phoneNumber":"3712338705","extension":"101","type":"Home Number"}],"communicationMethod":"NONE","locationId":"CAMP","ssn":"997118058","residencyCode":"U","employeeId":"997118058","lastName":"SCC007.10","employerId":"123456","dateOfBirth":"1970-02-02","tiaaEmployeeId":"","middleName":"F Source","clientId":"123456","genderId":"M","title":"HM"}, {"addresses":[{"postalCode":"91125","state":"CA","type":"RESIDENCE","address3":"","address2":"MC 161-84","address1":"1200 E. CALIFORNIA BOULEVARD","city":"PASADENA","countryCode":"US"}],"firstName":"HC","suffix":"","employeeKey":"997118056","maritalStatus":"S","phones":[{"phoneNumber":"3712338705","extension":"101","type":"Home Number"}],"communicationMethod":"NONE","locationId":"CAMP","ssn":"997118056","residencyCode":"U","employeeId":"997118056","lastName":"SCC007.10","employerId":"123456","dateOfBirth":"1970-02-02","tiaaEmployeeId":"","middleName":"F Source","clientId":"123456","genderId":"M","title":"HM"}, {"addresses":[{"postalCode":"91125","state":"CA","type":"RESIDENCE","address3":"","address2":"MC 161-84","address1":"1200 E. CALIFORNIA BOULEVARD","city":"PASADENA","countryCode":"US"}],"firstName":"HC","suffix":"","employeeKey":"997118057","maritalStatus":"S","phones":[{"phoneNumber":"3712338705","extension":"101","type":"Home Number"}],"communicationMethod":"NONE","locationId":"CAMP","ssn":"997118057","residencyCode":"U","employeeId":"997118057","lastName":"SCC007.10","employerId":"123456","dateOfBirth":"1970-02-02","tiaaEmployeeId":"","middleName":"F Source","clientId":"123456","genderId":"M","title":"HM"}, {"addresses":[{"postalCode":"91125","state":"CA","type":"RESIDENCE","address3":"","address2":"MC 161-84","address1":"1200 E. CALIFORNIA BOULEVARD","city":"PASADENA","countryCode":"US"}],"firstName":"HC","suffix":"","employeeKey":"111118061","maritalStatus":"S","phones":[{"phoneNumber":"3712338705","extension":"101","type":"Home Number"}],"communicationMethod":"NONE","locationId":"CAMP","ssn":"111118061","residencyCode":"U","employeeId":"111118061","lastName":"SCC007.10","employerId":"123456","dateOfBirth":"1970-02-02","tiaaEmployeeId":"","middleName":"D Source","clientId":"123456","genderId":"M","title":"HM"}, {"addresses":[{"postalCode":"91125","state":"CA","type":"RESIDENCE","address3":"","address2":"MC 161-84","address1":"1200 E. CALIFORNIA BOULEVARD","city":"PASADENA","countryCode":"US"}],"firstName":"HC","suffix":"","employeeKey":"111118060","maritalStatus":"S","phones":[{"phoneNumber":"3712338705","extension":"101","type":"Home Number"}],"communicationMethod":"NONE","locationId":"CAMP","ssn":"111118060","residencyCode":"U","employeeId":"111118060","lastName":"SCC007.10","employerId":"123456","dateOfBirth":"1970-02-02","tiaaEmployeeId":"","middleName":"D Source","clientId":"123456","genderId":"M","title":"HM"}, {"addresses":[{"postalCode":"91125","state":"CA","type":"RESIDENCE","address3":"","address2":"MC 161-84","address1":"1200 E. CALIFORNIA BOULEVARD","city":"PASADENA","countryCode":"US"}],"firstName":"ET","suffix":"","employeeKey":"111118043","maritalStatus":"S","phones":[{"phoneNumber":"3712338705","extension":"101","type":"Home Number"}],"communicationMethod":"NONE","locationId":"CAMP","ssn":"111118043","residencyCode":"U","employeeId":"111118043","lastName":"SCC022.10","employerId":"123456","dateOfBirth":"1970-02-02","tiaaEmployeeId":"","middleName":"D Source","clientId":"123456","genderId":"M","title":"EM"}, {"addresses":[{"postalCode":"91125","state":"CA","type":"RESIDENCE","address3":"","address2":"MC 161-84","address1":"1200 E. CALIFORNIA BOULEVARD","city":"PASADENA","countryCode":"US"}],"firstName":"ET","suffix":"","employeeKey":"111118044","maritalStatus":"S","phones":[{"phoneNumber":"3712338705","extension":"101","type":"Home Number"}],"communicationMethod":"NONE","locationId":"CAMP","ssn":"111118044","residencyCode":"U","employeeId":"111118044","lastName":"SCC022.10","employerId":"123456","dateOfBirth":"1970-02-02","tiaaEmployeeId":"","middleName":"D Source","clientId":"123456","genderId":"M","title":"EM"}]}]
