{"employeeId":"997188007","asOfDate":"2016-10-03","employmentHistory":{"payrollEmploymentHistories":[{"clientId":"123456","employerId":"123456","employerName":null,"locationId":"CAMP","planId":"123456","hrSubArea":"H10","unionCode":"","hceCode":"","keyEmployeeCode":"","employeeType":"F","payrollFrequency":12,"payrollMode":"12","employmentStatusAndDate":{"employmentStatus":"CURRENTLY_EMPLOYED","employmentSubStatus":"REHIRE","employmentStatusDate":"2015-02-16"},"dateOfHire":"2014-03-20","adjustedDateOfHire":"2014-03-20","isCurrentFile":true,"employmentHistoryDate":"2014-03-20","severanceDate":null}],"payrollList":[{"clientId":"123456","employerId":"997188007","employerName":null,"locationId":"CAMP","planId":"123456","hrSubArea":"H10","unionCode":"","hceCode":"","keyEmployeeCode":"","employeeType":"F","payrollFrequency":12,"payrollMode":"12","employmentStatusAndDate":{"employmentStatus":"CURRENTLY_EMPLOYED","employmentSubStatus":"REHIRE","employmentStatusDate":"2015-02-16"},"dateOfHire":"2014-03-20","adjustedDateOfHire":"2014-03-20","isCurrentFile":true,"employmentHistoryDate":"2014-03-20","severanceDate":null}]}}